project_id,deployment_id,image_id,filename,location,is_blank,identified_by,wi_taxon_id,class,order,family,genus,species,common_name,uncertainty,timestamp,age,sex,animal_recognizable,individual_id,number_of_objects,individual_animal_notes,behavior,highlighted,markings,cv_confidence,license
2003364,a26a98d3-199b-4e73-8f0d-a99153176fd5,,MMR-002-D0023-I000156,,,U Than Zaw - Batch Upload,990ae9dd-7a59-4344-afcb-1b7b21368000,Mammalia,Primates,Hominidae,Homo,sapiens,Human,,2000-03-03 11:51:00,Unknown,Unknown,true,,1,,,false,,,CC-BY
2003364,53265477-f846-4328-93a4-70dec3c592ce,,MMR-002-D0009-I000125,,,U Than Zaw - Batch Upload,990ae9dd-7a59-4344-afcb-1b7b21368000,Mammalia,Primates,Hominidae,Homo,sapiens,Human,,2000-03-05 17:25:00,Unknown,Unknown,true,,1,,,false,,,CC-BY
2003364,40e84fa0-7a8d-4582-9a16-af4a66d2e613,da3ce048-7b44-48e2-9ff2-183689802030,MMR-002-D0016-I000020,https://app.wildlifeinsights.org/download/2003219/data-files/da3ce048-7b44-48e2-9ff2-183689802030,,U Than Zaw - Batch Upload,f1856211-cfb7-4a5b-9158-c0f72fd09ee6,,,,,,Blank,,2000-03-19 15:15:00,Unknown,Unknown,true,,1,,,false,,,CC-BY
2003364,c827ef9c-9201-468c-9c18-1aec412a7653,,MMR-002-D0027-I000184,,,U Than Zaw - Batch Upload,990ae9dd-7a59-4344-afcb-1b7b21368000,Mammalia,Primates,Hominidae,Homo,sapiens,Human,,2000-02-19 14:10:00,Unknown,Unknown,true,,1,,,false,,,CC-BY
2003364,f3c32d19-453e-406b-8c8f-08e95b880e4b,,MMR-002-D0028-I000170,,,U Than Zaw - Batch Upload,990ae9dd-7a59-4344-afcb-1b7b21368000,Mammalia,Primates,Hominidae,Homo,sapiens,Human,,2000-03-02 14:57:00,Unknown,Unknown,true,,1,,,false,,,CC-BY
2003364,a26a98d3-199b-4e73-8f0d-a99153176fd5,09368ed7-0a68-44f9-844e-5517a69a4354,MMR-002-D0023-I000032,https://app.wildlifeinsights.org/download/2003219/data-files/09368ed7-0a68-44f9-844e-5517a69a4354,,U Than Zaw - Batch Upload,1f689929-883d-4dae-958c-3d57ab5b6c16,,,,,,Animal,,2000-03-18 10:01:00,Unknown,Unknown,true,,1,,,false,,,CC-BY
2003364,f3c32d19-453e-406b-8c8f-08e95b880e4b,48ab4814-b71b-4275-a418-bbff763c5fcb,MMR-002-D0028-I000140,https://app.wildlifeinsights.org/download/2003219/data-files/48ab4814-b71b-4275-a418-bbff763c5fcb,,U Than Zaw - Batch Upload,feb7d405-71d9-4ae8-bf1a-f1d695dcf089,Mammalia,Carnivora,Felidae,Pardofelis,marmorata,Marbled Cat,,2000-03-04 18:33:00,Unknown,Unknown,true,,1,,,false,,,CC-BY
2003364,e3c6508a-d7eb-4687-9080-89ba0c45f09b,3fb9806f-06a2-4ca9-b59f-8603d5752c46,MMR-002-D0032-I000086,https://app.wildlifeinsights.org/download/2003219/data-files/3fb9806f-06a2-4ca9-b59f-8603d5752c46,,U Than Zaw - Batch Upload,3b53e54f-da21-474e-b6f6-47dbdd73ff69,Mammalia,Cetartiodactyla,Cervidae,Muntiacus,muntjak,Southern Red Muntjac,,2000-03-12 23:46:00,Unknown,Unknown,true,,1,,,false,,,CC-BY
2003364,3a1a8182-df56-4060-908c-0b09b23a30d6,,MMR-002-D0012-I000147,,,U Than Zaw - Batch Upload,990ae9dd-7a59-4344-afcb-1b7b21368000,Mammalia,Primates,Hominidae,Homo,sapiens,Human,,2000-03-03 17:20:00,Unknown,Unknown,true,,1,,,false,,,CC-BY
2003364,2b9c9e55-5c90-4809-ae5e-1a2b55c89126,,MMR-002-D0001-I000008,,,U Than Zaw - Batch Upload,990ae9dd-7a59-4344-afcb-1b7b21368000,Mammalia,Primates,Hominidae,Homo,sapiens,Human,,2000-03-21 12:52:00,Unknown,Unknown,true,,1,,,false,,,CC-BY
2003364,e5455e50-c3d7-4390-ad06-bf7ac8641308,,MMR-002-D0007-I000117,,,U Than Zaw - Batch Upload,990ae9dd-7a59-4344-afcb-1b7b21368000,Mammalia,Primates,Hominidae,Homo,sapiens,Human,,2000-03-07 09:01:00,Unknown,Unknown,true,,1,,,false,,,CC-BY
2003364,20a2d87a-5a8d-4bff-9162-2439aab4e6e3,,MMR-002-D0030-I000014,,,U Than Zaw - Batch Upload,990ae9dd-7a59-4344-afcb-1b7b21368000,Mammalia,Primates,Hominidae,Homo,sapiens,Human,,2000-03-20 10:30:00,Unknown,Unknown,true,,1,,,false,,,CC-BY
2003364,c0268b11-3ab2-4182-b0fb-4d5c8365d7b5,,MMR-002-D0006-I000023,,,U Than Zaw - Batch Upload,990ae9dd-7a59-4344-afcb-1b7b21368000,Mammalia,Primates,Hominidae,Homo,sapiens,Human,,2000-03-18 11:30:00,Unknown,Unknown,true,,1,,,false,,,CC-BY
2003364,39a99a8b-e22a-4e8d-b589-5f4a6d6cd1f5,,MMR-002-D0014-I000178,,,U Than Zaw - Batch Upload,990ae9dd-7a59-4344-afcb-1b7b21368000,Mammalia,Primates,Hominidae,Homo,sapiens,Human,,2000-02-28 13:06:00,Unknown,Unknown,true,,1,,,false,,,CC-BY
2003364,e10b5045-7c46-4afa-9b64-81376c0e11cd,,MMR-002-D0021-I000135,,,U Than Zaw - Batch Upload,990ae9dd-7a59-4344-afcb-1b7b21368000,Mammalia,Primates,Hominidae,Homo,sapiens,Human,,2000-03-04 13:24:00,Unknown,Unknown,true,,1,,,false,,,CC-BY
2003364,93fbb7c0-0773-402f-8cee-468616e15eab,7e0b8aa9-8a21-4d69-839c-ea4369d02596,MMR-002-D0029-I000217,https://app.wildlifeinsights.org/download/2003219/data-files/7e0b8aa9-8a21-4d69-839c-ea4369d02596,,U Than Zaw - Batch Upload,f1856211-cfb7-4a5b-9158-c0f72fd09ee6,,,,,,Blank,,1900-01-01 08:50:00,Unknown,Unknown,true,,1,,,false,,,CC-BY
2003364,29269015-f2f5-49d8-9ca3-73562caf7742,5b5a44eb-0170-4175-8b0f-a8517b498935,MMR-002-D0022-I000050,https://app.wildlifeinsights.org/download/2003219/data-files/5b5a44eb-0170-4175-8b0f-a8517b498935,,U Than Zaw - Batch Upload,3b53e54f-da21-474e-b6f6-47dbdd73ff69,Mammalia,Cetartiodactyla,Cervidae,Muntiacus,muntjak,Southern Red Muntjac,,2000-03-16 22:34:00,Unknown,Unknown,true,,1,,,false,,,CC-BY
2003364,0d6fc184-fd29-4452-b970-0af1eab6dd73,57c9a75f-f7c7-443e-a2ed-f304d8d767e4,MMR-002-D0024-I000041,https://app.wildlifeinsights.org/download/2003219/data-files/57c9a75f-f7c7-443e-a2ed-f304d8d767e4,,U Than Zaw - Batch Upload,47c414af-e439-49d9-bd8c-969081a6f595,Mammalia,Carnivora,Mustelidae,Arctonyx,collaris,Greater Hog Badger,,2000-03-17 08:26:00,Unknown,Unknown,true,,1,,,false,,,CC-BY
2003364,aa3820f8-7845-4675-8759-b7c7022f171b,4fb8a349-9d40-43c5-97c0-e2d8da8ab16c,MMR-002-D0017-I000131,https://app.wildlifeinsights.org/download/2003219/data-files/4fb8a349-9d40-43c5-97c0-e2d8da8ab16c,,U Than Zaw - Batch Upload,4eae4c62-e867-465a-a1f3-536791efa6c4,Aves,Galliformes,Phasianidae,,,Phasianidae Family,,2000-03-04 12:01:00,Unknown,Unknown,true,,1,,,false,,,CC-BY
2003364,40e84fa0-7a8d-4582-9a16-af4a66d2e613,3548e1d8-365d-4687-9447-e5577d695659,MMR-002-D0016-I000074,https://app.wildlifeinsights.org/download/2003219/data-files/3548e1d8-365d-4687-9447-e5577d695659,,U Than Zaw - Batch Upload,4eae4c62-e867-465a-a1f3-536791efa6c4,Aves,Galliformes,Phasianidae,,,Phasianidae Family,,2000-03-13 14:45:00,Unknown,Unknown,true,,1,,,false,,,CC-BY
2003364,40e84fa0-7a8d-4582-9a16-af4a66d2e613,24b643e0-9111-454d-94cf-16db4b33ebe3,MMR-002-D0016-I000083,https://app.wildlifeinsights.org/download/2003219/data-files/24b643e0-9111-454d-94cf-16db4b33ebe3,,U Than Zaw - Batch Upload,4eae4c62-e867-465a-a1f3-536791efa6c4,Aves,Galliformes,Phasianidae,,,Phasianidae Family,,2000-03-12 15:03:00,Unknown,Unknown,true,,1,,,false,,,CC-BY
2003364,a26a98d3-199b-4e73-8f0d-a99153176fd5,6444808b-ff4b-462c-9ee7-7838f47ec708,MMR-002-D0023-I000093,https://app.wildlifeinsights.org/download/2003219/data-files/6444808b-ff4b-462c-9ee7-7838f47ec708,,U Than Zaw - Batch Upload,3b53e54f-da21-474e-b6f6-47dbdd73ff69,Mammalia,Cetartiodactyla,Cervidae,Muntiacus,muntjak,Southern Red Muntjac,,2000-03-11 19:55:00,Unknown,Unknown,true,,1,,,false,,,CC-BY
2003364,c827ef9c-9201-468c-9c18-1aec412a7653,,MMR-002-D0027-I000182,,,U Than Zaw - Batch Upload,990ae9dd-7a59-4344-afcb-1b7b21368000,Mammalia,Primates,Hominidae,Homo,sapiens,Human,,2000-02-19 14:04:00,Unknown,Unknown,true,,1,,,false,,,CC-BY
2003364,29269015-f2f5-49d8-9ca3-73562caf7742,7a1a1497-2d58-42f3-bbf5-913458e83455,MMR-002-D0022-I000070,https://app.wildlifeinsights.org/download/2003219/data-files/7a1a1497-2d58-42f3-bbf5-913458e83455,,U Than Zaw - Batch Upload,3b53e54f-da21-474e-b6f6-47dbdd73ff69,Mammalia,Cetartiodactyla,Cervidae,Muntiacus,muntjak,Southern Red Muntjac,,2000-03-14 17:44:00,Unknown,Unknown,true,,1,,,false,,,CC-BY
2003364,0475f99e-df94-4395-9ce6-9c39424a72c3,,MMR-002-D0011-I000129,,,U Than Zaw - Batch Upload,990ae9dd-7a59-4344-afcb-1b7b21368000,Mammalia,Primates,Hominidae,Homo,sapiens,Human,,2000-03-04 12:25:00,Unknown,Unknown,true,,1,,,false,,,CC-BY
2003364,0d6fc184-fd29-4452-b970-0af1eab6dd73,145c8aaf-78a0-475d-841c-49f7b5205631,MMR-002-D0024-I000158,https://app.wildlifeinsights.org/download/2003219/data-files/145c8aaf-78a0-475d-841c-49f7b5205631,,U Than Zaw - Batch Upload,f1856211-cfb7-4a5b-9158-c0f72fd09ee6,,,,,,Blank,,2000-03-03 01:01:00,Unknown,Unknown,true,,1,,,false,,,CC-BY
2003364,aa3820f8-7845-4675-8759-b7c7022f171b,61ac4511-8449-4978-9aba-4b6ad4d2478a,MMR-002-D0017-I000100,https://app.wildlifeinsights.org/download/2003219/data-files/61ac4511-8449-4978-9aba-4b6ad4d2478a,,U Than Zaw - Batch Upload,3b53e54f-da21-474e-b6f6-47dbdd73ff69,Mammalia,Cetartiodactyla,Cervidae,Muntiacus,muntjak,Southern Red Muntjac,,2000-03-10 18:03:00,Unknown,Unknown,true,,1,,,false,,,CC-BY
2003364,5a48c6f6-953f-4f8d-9887-b94a50411ad0,dd4d8796-273f-4684-be5c-1ba0b2aa56d9,MMR-002-D0025-I000180,https://app.wildlifeinsights.org/download/2003219/data-files/dd4d8796-273f-4684-be5c-1ba0b2aa56d9,,U Than Zaw - Batch Upload,90d950db-2106-4bd9-a4c1-777604c3eada,Mammalia,Rodentia,,,,Rodent,,2000-02-27 23:55:00,Unknown,Unknown,true,,1,,,false,,,CC-BY
2003364,e5455e50-c3d7-4390-ad06-bf7ac8641308,e92d88c8-3660-4315-8b6c-916dd63c39fa,MMR-002-D0007-I000081,https://app.wildlifeinsights.org/download/2003219/data-files/e92d88c8-3660-4315-8b6c-916dd63c39fa,,U Than Zaw - Batch Upload,3b53e54f-da21-474e-b6f6-47dbdd73ff69,Mammalia,Cetartiodactyla,Cervidae,Muntiacus,muntjak,Southern Red Muntjac,,2000-03-12 01:34:00,Unknown,Unknown,true,,1,,,false,,,CC-BY
2003364,e5455e50-c3d7-4390-ad06-bf7ac8641308,85de86da-99f3-453d-935f-0bb2e5524702,MMR-002-D0007-I000108,https://app.wildlifeinsights.org/download/2003219/data-files/85de86da-99f3-453d-935f-0bb2e5524702,,U Than Zaw - Batch Upload,e8490543-5bea-46a7-a326-a02142d2e6e1,Mammalia,Rodentia,Hystricidae,Hystrix,brachyura,Malayan Porcupine,,2000-03-09 22:09:00,Unknown,Unknown,true,,1,,,false,,,CC-BY
2003364,40e84fa0-7a8d-4582-9a16-af4a66d2e613,1a82ee94-1d3e-44a1-aebd-7f78d0c6fa23,MMR-002-D0016-I000199,https://app.wildlifeinsights.org/download/2003219/data-files/1a82ee94-1d3e-44a1-aebd-7f78d0c6fa23,,U Than Zaw - Batch Upload,b30d4c91-3790-4e28-8127-da8783aab3a8,Mammalia,Carnivora,Felidae,Catopuma,temminckii,Asiatic Golden Cat,,1900-01-01 09:48:00,Unknown,Unknown,true,,1,,,false,,,CC-BY
2003364,0d6fc184-fd29-4452-b970-0af1eab6dd73,75f5f243-f8b7-4f7b-9584-8336432debfb,MMR-002-D0024-I000056,https://app.wildlifeinsights.org/download/2003219/data-files/75f5f243-f8b7-4f7b-9584-8336432debfb,,U Than Zaw - Batch Upload,f1856211-cfb7-4a5b-9158-c0f72fd09ee6,,,,,,Blank,,2000-03-16 02:54:00,Unknown,Unknown,true,,1,,,false,,,CC-BY
2003364,53265477-f846-4328-93a4-70dec3c592ce,,MMR-002-D0009-I000018,,,U Than Zaw - Batch Upload,990ae9dd-7a59-4344-afcb-1b7b21368000,Mammalia,Primates,Hominidae,Homo,sapiens,Human,,2000-03-19 10:15:00,Unknown,Unknown,true,,1,,,false,,,CC-BY
2003364,ac6d9f2f-84d7-483f-b2e5-9b528ec95cdf,3bda5495-3a6a-4121-8f4c-3789493027dc,MMR-002-D0031-I000111,https://app.wildlifeinsights.org/download/2003219/data-files/3bda5495-3a6a-4121-8f4c-3789493027dc,,U Than Zaw - Batch Upload,4eae4c62-e867-465a-a1f3-536791efa6c4,Aves,Galliformes,Phasianidae,,,Phasianidae Family,,2000-03-09 07:14:00,Unknown,Unknown,true,,1,,,false,,,CC-BY
2003364,0d6fc184-fd29-4452-b970-0af1eab6dd73,,MMR-002-D0024-I000002,,,U Than Zaw - Batch Upload,990ae9dd-7a59-4344-afcb-1b7b21368000,Mammalia,Primates,Hominidae,Homo,sapiens,Human,,2000-03-24 08:34:00,Unknown,Unknown,true,,1,,,false,,,CC-BY
2003364,0919da92-a2be-4ec1-bbbf-45279b050586,,MMR-002-D0005-I000128,,,U Than Zaw - Batch Upload,990ae9dd-7a59-4344-afcb-1b7b21368000,Mammalia,Primates,Hominidae,Homo,sapiens,Human,,2000-03-04 14:40:00,Unknown,Unknown,true,,1,,,false,,,CC-BY
2003364,a26a98d3-199b-4e73-8f0d-a99153176fd5,e14e6793-1503-453f-8101-c96403329afd,MMR-002-D0023-I000139,https://app.wildlifeinsights.org/download/2003219/data-files/e14e6793-1503-453f-8101-c96403329afd,,U Than Zaw - Batch Upload,3b53e54f-da21-474e-b6f6-47dbdd73ff69,Mammalia,Cetartiodactyla,Cervidae,Muntiacus,muntjak,Southern Red Muntjac,,2000-03-04 16:22:00,Unknown,Unknown,true,,1,,,false,,,CC-BY
2003364,a26a98d3-199b-4e73-8f0d-a99153176fd5,4d002357-4fe2-4464-a133-99d24177adf0,MMR-002-D0023-I000104,https://app.wildlifeinsights.org/download/2003219/data-files/4d002357-4fe2-4464-a133-99d24177adf0,,U Than Zaw - Batch Upload,3b53e54f-da21-474e-b6f6-47dbdd73ff69,Mammalia,Cetartiodactyla,Cervidae,Muntiacus,muntjak,Southern Red Muntjac,,2000-03-10 17:35:00,Unknown,Unknown,true,,1,,,false,,,CC-BY
2003364,e5455e50-c3d7-4390-ad06-bf7ac8641308,abfd058c-17b0-4bec-b0c8-98685fd04649,MMR-002-D0007-I000097,https://app.wildlifeinsights.org/download/2003219/data-files/abfd058c-17b0-4bec-b0c8-98685fd04649,,U Than Zaw - Batch Upload,3b53e54f-da21-474e-b6f6-47dbdd73ff69,Mammalia,Cetartiodactyla,Cervidae,Muntiacus,muntjak,Southern Red Muntjac,,2000-03-10 01:59:00,Unknown,Unknown,true,,1,,,false,,,CC-BY
2003364,c0268b11-3ab2-4182-b0fb-4d5c8365d7b5,,MMR-002-D0006-I000124,,,U Than Zaw - Batch Upload,990ae9dd-7a59-4344-afcb-1b7b21368000,Mammalia,Primates,Hominidae,Homo,sapiens,Human,,2000-03-05 09:31:00,Unknown,Unknown,true,,1,,,false,,,CC-BY
2003364,40e84fa0-7a8d-4582-9a16-af4a66d2e613,2bd49893-7343-4905-8727-f101976e2fb5,MMR-002-D0016-I000063,https://app.wildlifeinsights.org/download/2003219/data-files/2bd49893-7343-4905-8727-f101976e2fb5,,U Than Zaw - Batch Upload,1f689929-883d-4dae-958c-3d57ab5b6c16,,,,,,Animal,,2000-03-15 04:38:00,Unknown,Unknown,true,,1,,,false,,,CC-BY
2003364,29269015-f2f5-49d8-9ca3-73562caf7742,,MMR-002-D0022-I000031,,,U Than Zaw - Batch Upload,990ae9dd-7a59-4344-afcb-1b7b21368000,Mammalia,Primates,Hominidae,Homo,sapiens,Human,,2000-03-18 10:20:00,Unknown,Unknown,true,,1,,,false,,,CC-BY
2003364,93fbb7c0-0773-402f-8cee-468616e15eab,,MMR-002-D0029-I000142,,,U Than Zaw - Batch Upload,990ae9dd-7a59-4344-afcb-1b7b21368000,Mammalia,Primates,Hominidae,Homo,sapiens,Human,,2000-03-04 14:15:00,Unknown,Unknown,true,,1,,,false,,,CC-BY
2003364,b3005cb0-87aa-46b5-b284-47977692ea41,,MMR-002-D0015-I000027,,,U Than Zaw - Batch Upload,990ae9dd-7a59-4344-afcb-1b7b21368000,Mammalia,Primates,Hominidae,Homo,sapiens,Human,,2000-03-18 09:10:00,Unknown,Unknown,true,,1,,,false,,,CC-BY
2003364,0d6fc184-fd29-4452-b970-0af1eab6dd73,1970c573-cb71-4044-8dbe-cf07a6beceb1,MMR-002-D0024-I000106,https://app.wildlifeinsights.org/download/2003219/data-files/1970c573-cb71-4044-8dbe-cf07a6beceb1,,U Than Zaw - Batch Upload,f1856211-cfb7-4a5b-9158-c0f72fd09ee6,,,,,,Blank,,2000-03-10 21:34:00,Unknown,Unknown,true,,1,,,false,,,CC-BY
2003364,274b143e-9a14-4f5e-9a65-5a025110df09,,MMR-002-D0003-I000174,,,U Than Zaw - Batch Upload,990ae9dd-7a59-4344-afcb-1b7b21368000,Mammalia,Primates,Hominidae,Homo,sapiens,Human,,2000-02-28 17:00:00,Unknown,Unknown,true,,1,,,false,,,CC-BY
2003364,e10b5045-7c46-4afa-9b64-81376c0e11cd,,MMR-002-D0021-I000136,,,U Than Zaw - Batch Upload,990ae9dd-7a59-4344-afcb-1b7b21368000,Mammalia,Primates,Hominidae,Homo,sapiens,Human,,2000-03-04 14:15:00,Unknown,Unknown,true,,1,,,false,,,CC-BY
2003364,29269015-f2f5-49d8-9ca3-73562caf7742,50a6e3ba-a57e-42ba-89a0-a28c42ff5c48,MMR-002-D0022-I000045,https://app.wildlifeinsights.org/download/2003219/data-files/50a6e3ba-a57e-42ba-89a0-a28c42ff5c48,,U Than Zaw - Batch Upload,3b53e54f-da21-474e-b6f6-47dbdd73ff69,Mammalia,Cetartiodactyla,Cervidae,Muntiacus,muntjak,Southern Red Muntjac,,2000-03-16 18:00:00,Unknown,Unknown,true,,1,,,false,,,CC-BY
2003364,aa3820f8-7845-4675-8759-b7c7022f171b,eb9e44fd-12d5-434d-9465-bbe9329cf940,MMR-002-D0017-I000101,https://app.wildlifeinsights.org/download/2003219/data-files/eb9e44fd-12d5-434d-9465-bbe9329cf940,,U Than Zaw - Batch Upload,e8490543-5bea-46a7-a326-a02142d2e6e1,Mammalia,Rodentia,Hystricidae,Hystrix,brachyura,Malayan Porcupine,,2000-03-10 23:03:00,Unknown,Unknown,true,,1,,,false,,,CC-BY
2003364,b3005cb0-87aa-46b5-b284-47977692ea41,,MMR-002-D0015-I000164,,,U Than Zaw - Batch Upload,990ae9dd-7a59-4344-afcb-1b7b21368000,Mammalia,Primates,Hominidae,Homo,sapiens,Human,,2000-03-02 10:31:00,Unknown,Unknown,true,,1,,,false,,,CC-BY
2003364,a26a98d3-199b-4e73-8f0d-a99153176fd5,ecbe8ed4-b8fc-4cac-a9e3-78bcfe36dfaf,MMR-002-D0023-I000071,https://app.wildlifeinsights.org/download/2003219/data-files/ecbe8ed4-b8fc-4cac-a9e3-78bcfe36dfaf,,U Than Zaw - Batch Upload,3b53e54f-da21-474e-b6f6-47dbdd73ff69,Mammalia,Cetartiodactyla,Cervidae,Muntiacus,muntjak,Southern Red Muntjac,,2000-03-14 17:45:00,Unknown,Unknown,true,,1,,,false,,,CC-BY
2003364,29269015-f2f5-49d8-9ca3-73562caf7742,ff3a4f1b-6483-4d29-8cb5-b850a5c1266b,MMR-002-D0022-I000030,https://app.wildlifeinsights.org/download/2003219/data-files/ff3a4f1b-6483-4d29-8cb5-b850a5c1266b,,U Than Zaw - Batch Upload,b30d4c91-3790-4e28-8127-da8783aab3a8,Mammalia,Carnivora,Felidae,Catopuma,temminckii,Asiatic Golden Cat,,2000-03-18 10:00:00,Unknown,Unknown,true,,1,,,false,,,CC-BY
2003364,c827ef9c-9201-468c-9c18-1aec412a7653,,MMR-002-D0027-I000001,,,U Than Zaw - Batch Upload,990ae9dd-7a59-4344-afcb-1b7b21368000,Mammalia,Primates,Hominidae,Homo,sapiens,Human,,2000-03-26 14:50:00,Unknown,Unknown,true,,1,,,false,,,CC-BY
2003364,a26a98d3-199b-4e73-8f0d-a99153176fd5,b44d49a8-939d-40da-964d-5c4890d2a199,MMR-002-D0023-I000053,https://app.wildlifeinsights.org/download/2003219/data-files/b44d49a8-939d-40da-964d-5c4890d2a199,,U Than Zaw - Batch Upload,3b53e54f-da21-474e-b6f6-47dbdd73ff69,Mammalia,Cetartiodactyla,Cervidae,Muntiacus,muntjak,Southern Red Muntjac,,2000-03-16 22:22:00,Unknown,Unknown,true,,1,,,false,,,CC-BY
2003364,e5455e50-c3d7-4390-ad06-bf7ac8641308,4663ffa1-1568-4c5b-907e-832d7aea59d9,MMR-002-D0007-I000059,https://app.wildlifeinsights.org/download/2003219/data-files/4663ffa1-1568-4c5b-907e-832d7aea59d9,,U Than Zaw - Batch Upload,3b53e54f-da21-474e-b6f6-47dbdd73ff69,Mammalia,Cetartiodactyla,Cervidae,Muntiacus,muntjak,Southern Red Muntjac,,2000-03-15 01:12:00,Unknown,Unknown,true,,1,,,false,,,CC-BY
2003364,0475f99e-df94-4395-9ce6-9c39424a72c3,,MMR-002-D0011-I000025,,,U Than Zaw - Batch Upload,990ae9dd-7a59-4344-afcb-1b7b21368000,Mammalia,Primates,Hominidae,Homo,sapiens,Human,,2000-03-18 10:10:00,Unknown,Unknown,true,,1,,,false,,,CC-BY
2003364,aa3820f8-7845-4675-8759-b7c7022f171b,,MMR-002-D0017-I000151,,,U Than Zaw - Batch Upload,990ae9dd-7a59-4344-afcb-1b7b21368000,Mammalia,Primates,Hominidae,Homo,sapiens,Human,,2000-03-03 15:12:00,Unknown,Unknown,true,,1,,,false,,,CC-BY
2003364,274b143e-9a14-4f5e-9a65-5a025110df09,,MMR-002-D0003-I000036,,,U Than Zaw - Batch Upload,990ae9dd-7a59-4344-afcb-1b7b21368000,Mammalia,Primates,Hominidae,Homo,sapiens,Human,,2000-03-17 13:10:00,Unknown,Unknown,true,,1,,,false,,,CC-BY
2003364,40e84fa0-7a8d-4582-9a16-af4a66d2e613,,MMR-002-D0016-I000149,,,U Than Zaw - Batch Upload,990ae9dd-7a59-4344-afcb-1b7b21368000,Mammalia,Primates,Hominidae,Homo,sapiens,Human,,2000-03-03 12:56:00,Unknown,Unknown,true,,1,,,false,,,CC-BY
2003364,b3005cb0-87aa-46b5-b284-47977692ea41,,MMR-002-D0015-I000166,,,U Than Zaw - Batch Upload,990ae9dd-7a59-4344-afcb-1b7b21368000,Mammalia,Primates,Hominidae,Homo,sapiens,Human,,2000-03-02 10:37:00,Unknown,Unknown,true,,1,,,false,,,CC-BY
2003364,39a99a8b-e22a-4e8d-b589-5f4a6d6cd1f5,40415443-a8a5-4eee-bad7-a01cf7ebdc55,MMR-002-D0014-I000130,https://app.wildlifeinsights.org/download/2003219/data-files/40415443-a8a5-4eee-bad7-a01cf7ebdc55,,U Than Zaw - Batch Upload,d825fb0a-a275-41c2-b5b9-9e0117ae32a8,Mammalia,Cetartiodactyla,Bovidae,Capricornis,,Capricornis Species,,2000-03-04 11:20:00,Unknown,Unknown,true,,1,,,false,,,CC-BY
2003364,e3c6508a-d7eb-4687-9080-89ba0c45f09b,569d9aa9-783f-4caf-b7f2-55a20cbd6aac,MMR-002-D0032-I000057,https://app.wildlifeinsights.org/download/2003219/data-files/569d9aa9-783f-4caf-b7f2-55a20cbd6aac,,U Than Zaw - Batch Upload,3b53e54f-da21-474e-b6f6-47dbdd73ff69,Mammalia,Cetartiodactyla,Cervidae,Muntiacus,muntjak,Southern Red Muntjac,,2000-03-16 08:08:00,Unknown,Unknown,true,,1,,,false,,,CC-BY
2003364,274b143e-9a14-4f5e-9a65-5a025110df09,,MMR-002-D0003-I000175,,,U Than Zaw - Batch Upload,990ae9dd-7a59-4344-afcb-1b7b21368000,Mammalia,Primates,Hominidae,Homo,sapiens,Human,,2000-02-28 17:03:00,Unknown,Unknown,true,,1,,,false,,,CC-BY
2003364,e5455e50-c3d7-4390-ad06-bf7ac8641308,4669d838-01f0-460f-b097-bcb6bba38fb7,MMR-002-D0007-I000099,https://app.wildlifeinsights.org/download/2003219/data-files/4669d838-01f0-460f-b097-bcb6bba38fb7,,U Than Zaw - Batch Upload,3b53e54f-da21-474e-b6f6-47dbdd73ff69,Mammalia,Cetartiodactyla,Cervidae,Muntiacus,muntjak,Southern Red Muntjac,,2000-03-10 22:10:00,Unknown,Unknown,true,,1,,,false,,,CC-BY
2003364,29269015-f2f5-49d8-9ca3-73562caf7742,bd278608-983a-4181-aee5-b7c10055da39,MMR-002-D0022-I000049,https://app.wildlifeinsights.org/download/2003219/data-files/bd278608-983a-4181-aee5-b7c10055da39,,U Than Zaw - Batch Upload,3b53e54f-da21-474e-b6f6-47dbdd73ff69,Mammalia,Cetartiodactyla,Cervidae,Muntiacus,muntjak,Southern Red Muntjac,,2000-03-16 22:25:00,Unknown,Unknown,true,,1,,,false,,,CC-BY
2003364,e0e8b2d5-c4e0-469b-a8a9-0d915eb303de,da036c00-6a25-4719-9cc9-8b8279b67066,MMR-002-D0002-I000171,https://app.wildlifeinsights.org/download/2003219/data-files/da036c00-6a25-4719-9cc9-8b8279b67066,,U Than Zaw - Batch Upload,20e0c8d9-c445-44b5-87fc-d5bb9724e874,Mammalia,Carnivora,Viverridae,Paradoxurus,hermaphroditus,Common Palm Civet,,2000-03-01 19:29:00,Unknown,Unknown,true,,1,,,false,,,CC-BY
2003364,20a2d87a-5a8d-4bff-9162-2439aab4e6e3,,MMR-002-D0030-I000126,,,U Than Zaw - Batch Upload,990ae9dd-7a59-4344-afcb-1b7b21368000,Mammalia,Primates,Hominidae,Homo,sapiens,Human,,2000-03-05 14:20:00,Unknown,Unknown,true,,1,,,false,,,CC-BY
2003364,40e84fa0-7a8d-4582-9a16-af4a66d2e613,d687e126-355e-48dd-b8f2-e35871276a47,MMR-002-D0016-I000068,https://app.wildlifeinsights.org/download/2003219/data-files/d687e126-355e-48dd-b8f2-e35871276a47,,U Than Zaw - Batch Upload,1f689929-883d-4dae-958c-3d57ab5b6c16,,,,,,Animal,,2000-03-14 03:54:00,Unknown,Unknown,true,,1,,,false,,,CC-BY
2003364,f3c32d19-453e-406b-8c8f-08e95b880e4b,39f279ec-6375-4f8a-8c4e-50054984a21b,MMR-002-D0028-I000077,https://app.wildlifeinsights.org/download/2003219/data-files/39f279ec-6375-4f8a-8c4e-50054984a21b,,U Than Zaw - Batch Upload,4b8f339f-7d23-470a-b490-29c7fc9f7f95,Mammalia,Carnivora,Prionodontidae,Prionodon,pardicolor,Spotted Linsang,,2000-03-13 23:23:00,Unknown,Unknown,true,,1,,,false,,,CC-BY
2003364,0d6fc184-fd29-4452-b970-0af1eab6dd73,,MMR-002-D0024-I000187,,,U Than Zaw - Batch Upload,990ae9dd-7a59-4344-afcb-1b7b21368000,Mammalia,Primates,Hominidae,Homo,sapiens,Human,,2000-02-17 15:13:00,Unknown,Unknown,true,,1,,,false,,,CC-BY
2003364,9e5299a2-2753-4d97-a0a8-7470089bc201,,MMR-002-D0026-I000185,,,U Than Zaw - Batch Upload,990ae9dd-7a59-4344-afcb-1b7b21368000,Mammalia,Primates,Hominidae,Homo,sapiens,Human,,2000-02-18 10:00:00,Unknown,Unknown,true,,1,,,false,,,CC-BY
2003364,5a48c6f6-953f-4f8d-9887-b94a50411ad0,aba7d12d-d6fe-4219-95fb-e96aff16fe01,MMR-002-D0025-I000123,https://app.wildlifeinsights.org/download/2003219/data-files/aba7d12d-d6fe-4219-95fb-e96aff16fe01,,U Than Zaw - Batch Upload,3b53e54f-da21-474e-b6f6-47dbdd73ff69,Mammalia,Cetartiodactyla,Cervidae,Muntiacus,muntjak,Southern Red Muntjac,,2000-03-06 06:26:00,Unknown,Unknown,true,,1,,,false,,,CC-BY
2003364,2dffcaaa-4675-4f7d-8134-ee73bccb61a3,,MMR-002-D0008-I000017,,,U Than Zaw - Batch Upload,990ae9dd-7a59-4344-afcb-1b7b21368000,Mammalia,Primates,Hominidae,Homo,sapiens,Human,,2000-03-19 11:50:00,Unknown,Unknown,true,,1,,,false,,,CC-BY
2003364,1415c8d8-9f45-4e62-b9e9-e765ce4aed43,,MMR-002-D0004-I000144,,,U Than Zaw - Batch Upload,990ae9dd-7a59-4344-afcb-1b7b21368000,Mammalia,Primates,Hominidae,Homo,sapiens,Human,,2000-03-03 11:33:00,Unknown,Unknown,true,,1,,,false,,,CC-BY
2003364,29269015-f2f5-49d8-9ca3-73562caf7742,,MMR-002-D0022-I000167,,,U Than Zaw - Batch Upload,990ae9dd-7a59-4344-afcb-1b7b21368000,Mammalia,Primates,Hominidae,Homo,sapiens,Human,,2000-03-02 12:55:00,Unknown,Unknown,true,,1,,,false,,,CC-BY
2003364,5ef4c96a-e5e5-4e8f-aa02-1129c66919d9,,MMR-002-D0010-I000145,,,U Than Zaw - Batch Upload,990ae9dd-7a59-4344-afcb-1b7b21368000,Mammalia,Primates,Hominidae,Homo,sapiens,Human,,2000-03-03 16:35:00,Unknown,Unknown,true,,1,,,false,,,CC-BY
2003364,e5455e50-c3d7-4390-ad06-bf7ac8641308,4f79e0a7-4020-48c6-858c-ac68e7c498db,MMR-002-D0007-I000088,https://app.wildlifeinsights.org/download/2003219/data-files/4f79e0a7-4020-48c6-858c-ac68e7c498db,,U Than Zaw - Batch Upload,6f5cfe6e-4d2f-4a39-b7eb-cffe6aef7de1,Mammalia,Carnivora,Felidae,Prionailurus,bengalensis,Leopard Cat,,2000-03-11 23:57:00,Unknown,Unknown,true,,1,,,false,,,CC-BY
2003364,40e84fa0-7a8d-4582-9a16-af4a66d2e613,b612bbc5-3995-4bec-a8ff-8848b653dc1f,MMR-002-D0016-I000062,https://app.wildlifeinsights.org/download/2003219/data-files/b612bbc5-3995-4bec-a8ff-8848b653dc1f,,U Than Zaw - Batch Upload,4eae4c62-e867-465a-a1f3-536791efa6c4,Aves,Galliformes,Phasianidae,,,Phasianidae Family,,2000-03-15 13:03:00,Unknown,Unknown,true,,1,,,false,,,CC-BY
2003364,e3c6508a-d7eb-4687-9080-89ba0c45f09b,,MMR-002-D0032-I000115,,,U Than Zaw - Batch Upload,990ae9dd-7a59-4344-afcb-1b7b21368000,Mammalia,Primates,Hominidae,Homo,sapiens,Human,,2000-03-08 11:22:00,Unknown,Unknown,true,,1,,,false,,,CC-BY
2003364,0d6fc184-fd29-4452-b970-0af1eab6dd73,,MMR-002-D0024-I000095,,,U Than Zaw - Batch Upload,066c4187-4a03-4531-9f62-ac585ad0a138,Mammalia,Primates,Hominidae,Homo,sapiens,Human-Camera Trapper,,2000-03-11 13:13:00,Unknown,Unknown,true,,1,,,false,,,CC-BY
2003364,a26a98d3-199b-4e73-8f0d-a99153176fd5,9e17d399-a306-4763-9118-86a59c656141,MMR-002-D0023-I000105,https://app.wildlifeinsights.org/download/2003219/data-files/9e17d399-a306-4763-9118-86a59c656141,,U Than Zaw - Batch Upload,4eae4c62-e867-465a-a1f3-536791efa6c4,Aves,Galliformes,Phasianidae,,,Phasianidae Family,,2000-03-10 06:50:00,Unknown,Unknown,true,,1,,,false,,,CC-BY
2003364,e5455e50-c3d7-4390-ad06-bf7ac8641308,d3e01ebd-dc49-4e49-9b97-c6805658a0a6,MMR-002-D0007-I000012,https://app.wildlifeinsights.org/download/2003219/data-files/d3e01ebd-dc49-4e49-9b97-c6805658a0a6,,U Than Zaw - Batch Upload,3b53e54f-da21-474e-b6f6-47dbdd73ff69,Mammalia,Cetartiodactyla,Cervidae,Muntiacus,muntjak,Southern Red Muntjac,,2000-03-20 01:53:00,Unknown,Unknown,true,,1,,,false,,,CC-BY
2003364,a26a98d3-199b-4e73-8f0d-a99153176fd5,,MMR-002-D0023-I000157,,,U Than Zaw - Batch Upload,990ae9dd-7a59-4344-afcb-1b7b21368000,Mammalia,Primates,Hominidae,Homo,sapiens,Human,,2000-03-03 11:58:00,Unknown,Unknown,true,,1,,,false,,,CC-BY
2003364,a26a98d3-199b-4e73-8f0d-a99153176fd5,ffb3928c-a123-4a7f-8c1b-97cfb00c74b8,MMR-002-D0023-I000052,https://app.wildlifeinsights.org/download/2003219/data-files/ffb3928c-a123-4a7f-8c1b-97cfb00c74b8,,U Than Zaw - Batch Upload,3b53e54f-da21-474e-b6f6-47dbdd73ff69,Mammalia,Cetartiodactyla,Cervidae,Muntiacus,muntjak,Southern Red Muntjac,,2000-03-16 20:29:00,Unknown,Unknown,true,,1,,,false,,,CC-BY
2003364,93fbb7c0-0773-402f-8cee-468616e15eab,,MMR-002-D0029-I000009,,,U Than Zaw - Batch Upload,990ae9dd-7a59-4344-afcb-1b7b21368000,Mammalia,Primates,Hominidae,Homo,sapiens,Human,,2000-03-21 11:37:00,Unknown,Unknown,true,,1,,,false,,,CC-BY
2003364,80847f13-3967-461e-b233-d5878f682d08,,MMR-002-D0020-I000179,,,U Than Zaw - Batch Upload,990ae9dd-7a59-4344-afcb-1b7b21368000,Mammalia,Primates,Hominidae,Homo,sapiens,Human,,2000-02-28 16:12:00,Unknown,Unknown,true,,1,,,false,,,CC-BY
2003364,e0e8b2d5-c4e0-469b-a8a9-0d915eb303de,,MMR-002-D0002-I000173,,,U Than Zaw - Batch Upload,990ae9dd-7a59-4344-afcb-1b7b21368000,Mammalia,Primates,Hominidae,Homo,sapiens,Human,,2000-02-29 16:40:00,Unknown,Unknown,true,,1,,,false,,,CC-BY
2003364,274b143e-9a14-4f5e-9a65-5a025110df09,,MMR-002-D0003-I000176,,,U Than Zaw - Batch Upload,990ae9dd-7a59-4344-afcb-1b7b21368000,Mammalia,Primates,Hominidae,Homo,sapiens,Human,,2000-02-28 17:06:00,Unknown,Unknown,true,,1,,,false,,,CC-BY
2003364,ac6d9f2f-84d7-483f-b2e5-9b528ec95cdf,,MMR-002-D0031-I000121,,,U Than Zaw - Batch Upload,990ae9dd-7a59-4344-afcb-1b7b21368000,Mammalia,Primates,Hominidae,Homo,sapiens,Human,,2000-03-07 17:13:00,Unknown,Unknown,true,,1,,,false,,,CC-BY
2003364,29269015-f2f5-49d8-9ca3-73562caf7742,2c5296a4-b019-4101-8fd7-0bd5a6d53777,MMR-002-D0022-I000103,https://app.wildlifeinsights.org/download/2003219/data-files/2c5296a4-b019-4101-8fd7-0bd5a6d53777,,U Than Zaw - Batch Upload,3b53e54f-da21-474e-b6f6-47dbdd73ff69,Mammalia,Cetartiodactyla,Cervidae,Muntiacus,muntjak,Southern Red Muntjac,,2000-03-10 17:34:00,Unknown,Unknown,true,,1,,,false,,,CC-BY
2003364,e3c6508a-d7eb-4687-9080-89ba0c45f09b,,MMR-002-D0032-I000016,,,U Than Zaw - Batch Upload,990ae9dd-7a59-4344-afcb-1b7b21368000,Mammalia,Primates,Hominidae,Homo,sapiens,Human,,2000-03-20 13:35:00,Unknown,Unknown,true,,1,,,false,,,CC-BY
2003364,9e5299a2-2753-4d97-a0a8-7470089bc201,,MMR-002-D0026-I000004,,,U Than Zaw - Batch Upload,990ae9dd-7a59-4344-afcb-1b7b21368000,Mammalia,Primates,Hominidae,Homo,sapiens,Human,,2000-03-23 13:26:00,Unknown,Unknown,true,,1,,,false,,,CC-BY
2003364,aa3820f8-7845-4675-8759-b7c7022f171b,3a79bcf7-5187-467a-a41a-d0618cf9207b,MMR-002-D0017-I000110,https://app.wildlifeinsights.org/download/2003219/data-files/3a79bcf7-5187-467a-a41a-d0618cf9207b,,U Than Zaw - Batch Upload,6f5cfe6e-4d2f-4a39-b7eb-cffe6aef7de1,Mammalia,Carnivora,Felidae,Prionailurus,bengalensis,Leopard Cat,,2000-03-09 00:08:00,Unknown,Unknown,true,,1,,,false,,,CC-BY
2003364,29269015-f2f5-49d8-9ca3-73562caf7742,0e071b77-59ad-4390-bd77-ebc7f6a044e5,MMR-002-D0022-I000065,https://app.wildlifeinsights.org/download/2003219/data-files/0e071b77-59ad-4390-bd77-ebc7f6a044e5,,U Than Zaw - Batch Upload,b30d4c91-3790-4e28-8127-da8783aab3a8,Mammalia,Carnivora,Felidae,Catopuma,temminckii,Asiatic Golden Cat,,2000-03-15 11:00:00,Unknown,Unknown,true,,1,,,false,,,CC-BY
2003364,a26a98d3-199b-4e73-8f0d-a99153176fd5,1b3a8f3a-8755-456a-9dc9-ef5a24949589,MMR-002-D0023-I000066,https://app.wildlifeinsights.org/download/2003219/data-files/1b3a8f3a-8755-456a-9dc9-ef5a24949589,,U Than Zaw - Batch Upload,1f689929-883d-4dae-958c-3d57ab5b6c16,,,,,,Animal,,2000-03-15 11:00:00,Unknown,Unknown,true,,1,,,false,,,CC-BY
2003364,40e84fa0-7a8d-4582-9a16-af4a66d2e613,308e39a7-a6c7-44dd-b559-bf55198a50a6,MMR-002-D0016-I000037,https://app.wildlifeinsights.org/download/2003219/data-files/308e39a7-a6c7-44dd-b559-bf55198a50a6,,U Than Zaw - Batch Upload,f1856211-cfb7-4a5b-9158-c0f72fd09ee6,,,,,,Blank,,2000-03-17 00:51:00,Unknown,Unknown,true,,1,,,false,,,CC-BY
2003364,0919da92-a2be-4ec1-bbbf-45279b050586,,MMR-002-D0005-I000022,,,U Than Zaw - Batch Upload,990ae9dd-7a59-4344-afcb-1b7b21368000,Mammalia,Primates,Hominidae,Homo,sapiens,Human,,2000-03-18 11:00:00,Unknown,Unknown,true,,1,,,false,,,CC-BY
2003364,aa3820f8-7845-4675-8759-b7c7022f171b,824fae54-44eb-4c95-bf75-bca7933fe163,MMR-002-D0017-I000085,https://app.wildlifeinsights.org/download/2003219/data-files/824fae54-44eb-4c95-bf75-bca7933fe163,,U Than Zaw - Batch Upload,6f5cfe6e-4d2f-4a39-b7eb-cffe6aef7de1,Mammalia,Carnivora,Felidae,Prionailurus,bengalensis,Leopard Cat,,2000-03-12 00:13:00,Unknown,Unknown,true,,1,,,false,,,CC-BY
2003364,aa3820f8-7845-4675-8759-b7c7022f171b,,MMR-002-D0017-I000150,,,U Than Zaw - Batch Upload,990ae9dd-7a59-4344-afcb-1b7b21368000,Mammalia,Primates,Hominidae,Homo,sapiens,Human,,2000-03-03 15:09:00,Unknown,Unknown,true,,1,,,false,,,CC-BY
2003364,2b9c9e55-5c90-4809-ae5e-1a2b55c89126,,MMR-002-D0001-I000058,,,U Than Zaw - Batch Upload,990ae9dd-7a59-4344-afcb-1b7b21368000,Mammalia,Primates,Hominidae,Homo,sapiens,Human,,2000-03-15 16:51:00,Unknown,Unknown,true,,1,,,false,,,CC-BY
2003364,93fbb7c0-0773-402f-8cee-468616e15eab,4fac0127-de21-4cc8-b9f9-6e8170d4bfab,MMR-002-D0029-I000216,https://app.wildlifeinsights.org/download/2003219/data-files/4fac0127-de21-4cc8-b9f9-6e8170d4bfab,,U Than Zaw - Batch Upload,f1856211-cfb7-4a5b-9158-c0f72fd09ee6,,,,,,Blank,,1900-01-01 13:36:00,Unknown,Unknown,true,,1,,,false,,,CC-BY
2003364,80847f13-3967-461e-b233-d5878f682d08,,MMR-002-D0020-I000013,,,U Than Zaw - Batch Upload,990ae9dd-7a59-4344-afcb-1b7b21368000,Mammalia,Primates,Hominidae,Homo,sapiens,Human,,2000-03-20 07:50:00,Unknown,Unknown,true,,1,,,false,,,CC-BY
2003364,5ef4c96a-e5e5-4e8f-aa02-1129c66919d9,,MMR-002-D0010-I000146,,,U Than Zaw - Batch Upload,990ae9dd-7a59-4344-afcb-1b7b21368000,Mammalia,Primates,Hominidae,Homo,sapiens,Human,,2000-03-03 16:38:00,Unknown,Unknown,true,,1,,,false,,,CC-BY
2003364,e10b5045-7c46-4afa-9b64-81376c0e11cd,a1507254-7a5c-4dcd-82e7-5abf6623435f,MMR-002-D0021-I000102,https://app.wildlifeinsights.org/download/2003219/data-files/a1507254-7a5c-4dcd-82e7-5abf6623435f,,U Than Zaw - Batch Upload,6f5cfe6e-4d2f-4a39-b7eb-cffe6aef7de1,Mammalia,Carnivora,Felidae,Prionailurus,bengalensis,Leopard Cat,,2000-03-10 02:11:00,Unknown,Unknown,true,,1,,,false,,,CC-BY
2003364,ac6d9f2f-84d7-483f-b2e5-9b528ec95cdf,6d71dc0c-80b7-41c3-814f-1c20eecfdfa1,MMR-002-D0031-I000218,https://app.wildlifeinsights.org/download/2003219/data-files/6d71dc0c-80b7-41c3-814f-1c20eecfdfa1,,U Than Zaw - Batch Upload,f1856211-cfb7-4a5b-9158-c0f72fd09ee6,,,,,,Blank,,1900-01-01 07:55:00,Unknown,Unknown,true,,1,,,false,,,CC-BY
2003364,29269015-f2f5-49d8-9ca3-73562caf7742,,MMR-002-D0022-I000154,,,U Than Zaw - Batch Upload,990ae9dd-7a59-4344-afcb-1b7b21368000,Mammalia,Primates,Hominidae,Homo,sapiens,Human,,2000-03-03 11:42:00,Unknown,Unknown,true,,1,,,false,,,CC-BY
2003364,c827ef9c-9201-468c-9c18-1aec412a7653,cb23bdb3-46e9-4590-a747-45b80f70d0d1,MMR-002-D0027-I000181,https://app.wildlifeinsights.org/download/2003219/data-files/cb23bdb3-46e9-4590-a747-45b80f70d0d1,,U Than Zaw - Batch Upload,4eae4c62-e867-465a-a1f3-536791efa6c4,Aves,Galliformes,Phasianidae,,,Phasianidae Family,,2000-02-25 14:08:00,Unknown,Unknown,true,,1,,,false,,,CC-BY
2003364,39a99a8b-e22a-4e8d-b589-5f4a6d6cd1f5,ceb0f589-77fe-4a39-b82e-5a1154a83487,MMR-002-D0014-I000162,https://app.wildlifeinsights.org/download/2003219/data-files/ceb0f589-77fe-4a39-b82e-5a1154a83487,,U Than Zaw - Batch Upload,f1856211-cfb7-4a5b-9158-c0f72fd09ee6,,,,,,Blank,,2000-03-02 02:00:00,Unknown,Unknown,true,,1,,,false,,,CC-BY
2003364,a26a98d3-199b-4e73-8f0d-a99153176fd5,c6f16edd-3cd7-40c1-a811-fec847348629,MMR-002-D0023-I000094,https://app.wildlifeinsights.org/download/2003219/data-files/c6f16edd-3cd7-40c1-a811-fec847348629,,U Than Zaw - Batch Upload,6f5cfe6e-4d2f-4a39-b7eb-cffe6aef7de1,Mammalia,Carnivora,Felidae,Prionailurus,bengalensis,Leopard Cat,,2000-03-11 23:46:00,Unknown,Unknown,true,,1,,,false,,,CC-BY
2003364,aa3820f8-7845-4675-8759-b7c7022f171b,,MMR-002-D0017-I000029,,,U Than Zaw - Batch Upload,990ae9dd-7a59-4344-afcb-1b7b21368000,Mammalia,Primates,Hominidae,Homo,sapiens,Human,,2000-03-18 11:10:00,Unknown,Unknown,true,,1,,,false,,,CC-BY
2003364,2dffcaaa-4675-4f7d-8134-ee73bccb61a3,,MMR-002-D0008-I000122,,,U Than Zaw - Batch Upload,990ae9dd-7a59-4344-afcb-1b7b21368000,Mammalia,Primates,Hominidae,Homo,sapiens,Human,,2000-03-06 11:10:00,Unknown,Unknown,true,,1,,,false,,,CC-BY
2003364,e10b5045-7c46-4afa-9b64-81376c0e11cd,784a139b-b016-48a9-9e88-73397448e16a,MMR-002-D0021-I000044,https://app.wildlifeinsights.org/download/2003219/data-files/784a139b-b016-48a9-9e88-73397448e16a,,U Than Zaw - Batch Upload,b30d4c91-3790-4e28-8127-da8783aab3a8,Mammalia,Carnivora,Felidae,Catopuma,temminckii,Asiatic Golden Cat,,2000-03-16 01:23:00,Unknown,Unknown,true,,1,,,false,,,CC-BY
2003364,e5455e50-c3d7-4390-ad06-bf7ac8641308,89255cef-ee89-4962-9956-f4fc0270e127,MMR-002-D0007-I000067,https://app.wildlifeinsights.org/download/2003219/data-files/89255cef-ee89-4962-9956-f4fc0270e127,,U Than Zaw - Batch Upload,3b53e54f-da21-474e-b6f6-47dbdd73ff69,Mammalia,Cetartiodactyla,Cervidae,Muntiacus,muntjak,Southern Red Muntjac,,2000-03-14 23:06:00,Unknown,Unknown,true,,1,,,false,,,CC-BY
2003364,5a48c6f6-953f-4f8d-9887-b94a50411ad0,,MMR-002-D0025-I000189,,,U Than Zaw - Batch Upload,990ae9dd-7a59-4344-afcb-1b7b21368000,Mammalia,Primates,Hominidae,Homo,sapiens,Human,,2000-02-16 15:30:00,Unknown,Unknown,true,,1,,,false,,,CC-BY
2003364,aa3820f8-7845-4675-8759-b7c7022f171b,59049554-563a-4b16-af4e-91e0f63f08d8,MMR-002-D0017-I000075,https://app.wildlifeinsights.org/download/2003219/data-files/59049554-563a-4b16-af4e-91e0f63f08d8,,U Than Zaw - Batch Upload,d372cda5-a8ca-4b7b-97ed-4e4fab9c9b4b,Mammalia,Cetartiodactyla,Suidae,Sus,scrofa,Wild Boar,,2000-03-13 19:11:00,Unknown,Unknown,true,,1,,,false,,,CC-BY
2003364,1415c8d8-9f45-4e62-b9e9-e765ce4aed43,,MMR-002-D0004-I000021,,,U Than Zaw - Batch Upload,990ae9dd-7a59-4344-afcb-1b7b21368000,Mammalia,Primates,Hominidae,Homo,sapiens,Human,,2000-03-18 09:25:00,Unknown,Unknown,true,,1,,,false,,,CC-BY
2003364,c0268b11-3ab2-4182-b0fb-4d5c8365d7b5,bb8c303e-0bac-47fb-ae89-a62264717bc9,MMR-002-D0006-I000079,https://app.wildlifeinsights.org/download/2003219/data-files/bb8c303e-0bac-47fb-ae89-a62264717bc9,,U Than Zaw - Batch Upload,3b53e54f-da21-474e-b6f6-47dbdd73ff69,Mammalia,Cetartiodactyla,Cervidae,Muntiacus,muntjak,Southern Red Muntjac,,2000-03-12 00:54:00,Unknown,Unknown,true,,1,,,false,,,CC-BY
2003364,29269015-f2f5-49d8-9ca3-73562caf7742,754a796c-47a6-413b-a6c4-31a57ccaff2d,MMR-002-D0022-I000048,https://app.wildlifeinsights.org/download/2003219/data-files/754a796c-47a6-413b-a6c4-31a57ccaff2d,,U Than Zaw - Batch Upload,3b53e54f-da21-474e-b6f6-47dbdd73ff69,Mammalia,Cetartiodactyla,Cervidae,Muntiacus,muntjak,Southern Red Muntjac,,2000-03-16 22:20:00,Unknown,Unknown,true,,1,,,false,,,CC-BY
2003364,f3c32d19-453e-406b-8c8f-08e95b880e4b,,MMR-002-D0028-I000168,,,U Than Zaw - Batch Upload,990ae9dd-7a59-4344-afcb-1b7b21368000,Mammalia,Primates,Hominidae,Homo,sapiens,Human,,2000-03-02 14:51:00,Unknown,Unknown,true,,1,,,false,,,CC-BY
2003364,e5455e50-c3d7-4390-ad06-bf7ac8641308,88301e4d-d91a-44ad-b4bd-15d9fe808555,MMR-002-D0007-I000060,https://app.wildlifeinsights.org/download/2003219/data-files/88301e4d-d91a-44ad-b4bd-15d9fe808555,,U Than Zaw - Batch Upload,3b53e54f-da21-474e-b6f6-47dbdd73ff69,Mammalia,Cetartiodactyla,Cervidae,Muntiacus,muntjak,Southern Red Muntjac,,2000-03-15 21:25:00,Unknown,Unknown,true,,1,,,false,,,CC-BY
2003364,a26a98d3-199b-4e73-8f0d-a99153176fd5,78af6de6-e3ae-4654-bfef-a60fd5f575c3,MMR-002-D0023-I000155,https://app.wildlifeinsights.org/download/2003219/data-files/78af6de6-e3ae-4654-bfef-a60fd5f575c3,,U Than Zaw - Batch Upload,3b53e54f-da21-474e-b6f6-47dbdd73ff69,Mammalia,Cetartiodactyla,Cervidae,Muntiacus,muntjak,Southern Red Muntjac,,2000-03-03 19:10:00,Unknown,Unknown,true,,1,,,false,,,CC-BY
2003364,e0e8b2d5-c4e0-469b-a8a9-0d915eb303de,3abd9952-bc13-4539-8a45-c8df868fdbe8,MMR-002-D0002-I000196,https://app.wildlifeinsights.org/download/2003219/data-files/3abd9952-bc13-4539-8a45-c8df868fdbe8,,U Than Zaw - Batch Upload,8d7dc39f-0fea-42fd-bc07-e95fde4bab06,Mammalia,Carnivora,Mustelidae,Martes,flavigula,Yellow-throated Marten,,1900-01-01 14:15:00,Unknown,Unknown,true,,1,,,false,,,CC-BY
2003364,a26a98d3-199b-4e73-8f0d-a99153176fd5,856d3235-4fdc-4e9e-81c7-aa0281d29f3e,MMR-002-D0023-I000138,https://app.wildlifeinsights.org/download/2003219/data-files/856d3235-4fdc-4e9e-81c7-aa0281d29f3e,,U Than Zaw - Batch Upload,3b53e54f-da21-474e-b6f6-47dbdd73ff69,Mammalia,Cetartiodactyla,Cervidae,Muntiacus,muntjak,Southern Red Muntjac,,2000-03-04 02:28:00,Unknown,Unknown,true,,1,,,false,,,CC-BY
2003364,29269015-f2f5-49d8-9ca3-73562caf7742,8fd92946-7925-4813-bf64-7b9a4b29b43d,MMR-002-D0022-I000091,https://app.wildlifeinsights.org/download/2003219/data-files/8fd92946-7925-4813-bf64-7b9a4b29b43d,,U Than Zaw - Batch Upload,3b53e54f-da21-474e-b6f6-47dbdd73ff69,Mammalia,Cetartiodactyla,Cervidae,Muntiacus,muntjak,Southern Red Muntjac,,2000-03-11 19:54:00,Unknown,Unknown,true,,1,,,false,,,CC-BY
2003364,39a99a8b-e22a-4e8d-b589-5f4a6d6cd1f5,,MMR-002-D0014-I000177,,,U Than Zaw - Batch Upload,990ae9dd-7a59-4344-afcb-1b7b21368000,Mammalia,Primates,Hominidae,Homo,sapiens,Human,,2000-02-28 13:03:00,Unknown,Unknown,true,,1,,,false,,,CC-BY
2003364,a26a98d3-199b-4e73-8f0d-a99153176fd5,48364014-16c0-4167-a974-28e800a9f5e7,MMR-002-D0023-I000051,https://app.wildlifeinsights.org/download/2003219/data-files/48364014-16c0-4167-a974-28e800a9f5e7,,U Than Zaw - Batch Upload,3b53e54f-da21-474e-b6f6-47dbdd73ff69,Mammalia,Cetartiodactyla,Cervidae,Muntiacus,muntjak,Southern Red Muntjac,,2000-03-16 20:25:00,Unknown,Unknown,true,,1,,,false,,,CC-BY
2003364,a26a98d3-199b-4e73-8f0d-a99153176fd5,8df113b6-9dc8-4388-b259-0c93108e90e5,MMR-002-D0023-I000120,https://app.wildlifeinsights.org/download/2003219/data-files/8df113b6-9dc8-4388-b259-0c93108e90e5,,U Than Zaw - Batch Upload,3b53e54f-da21-474e-b6f6-47dbdd73ff69,Mammalia,Cetartiodactyla,Cervidae,Muntiacus,muntjak,Southern Red Muntjac,,2000-03-07 16:51:00,Unknown,Unknown,true,,1,,,false,,,CC-BY
2003364,29269015-f2f5-49d8-9ca3-73562caf7742,73780eca-81a1-49bc-9082-daa10cb5b35c,MMR-002-D0022-I000137,https://app.wildlifeinsights.org/download/2003219/data-files/73780eca-81a1-49bc-9082-daa10cb5b35c,,U Than Zaw - Batch Upload,3b53e54f-da21-474e-b6f6-47dbdd73ff69,Mammalia,Cetartiodactyla,Cervidae,Muntiacus,muntjak,Southern Red Muntjac,,2000-03-04 16:21:00,Unknown,Unknown,true,,1,,,false,,,CC-BY
2003364,e10b5045-7c46-4afa-9b64-81376c0e11cd,26e77291-c40f-47c0-a720-a84f8dbb03a2,MMR-002-D0021-I000064,https://app.wildlifeinsights.org/download/2003219/data-files/26e77291-c40f-47c0-a720-a84f8dbb03a2,,U Than Zaw - Batch Upload,e94dc728-b517-4cb5-8b73-e4ae6128434c,Aves,Galliformes,Phasianidae,Gallus,,Gallus Species,,2000-03-15 11:10:00,Unknown,Unknown,true,,1,,,false,,,CC-BY
2003364,54759283-de40-4724-91a5-b5027ad3564a,,MMR-002-D0013-I000161,,,U Than Zaw - Batch Upload,990ae9dd-7a59-4344-afcb-1b7b21368000,Mammalia,Primates,Hominidae,Homo,sapiens,Human,,2000-03-02 11:48:00,Unknown,Unknown,true,,1,,,false,,,CC-BY
2003364,3a1a8182-df56-4060-908c-0b09b23a30d6,,MMR-002-D0012-I000113,,,U Than Zaw - Batch Upload,990ae9dd-7a59-4344-afcb-1b7b21368000,Mammalia,Primates,Hominidae,Homo,sapiens,Human,,2000-03-08 08:40:00,Unknown,Unknown,true,,1,,,false,,,CC-BY
2003364,e0e8b2d5-c4e0-469b-a8a9-0d915eb303de,f11bd868-34ab-4d9d-aed1-ac8af5e4e499,MMR-002-D0002-I000127,https://app.wildlifeinsights.org/download/2003219/data-files/f11bd868-34ab-4d9d-aed1-ac8af5e4e499,,U Than Zaw - Batch Upload,3b53e54f-da21-474e-b6f6-47dbdd73ff69,Mammalia,Cetartiodactyla,Cervidae,Muntiacus,muntjak,Southern Red Muntjac,,2000-03-04 20:25:00,Unknown,Unknown,true,,1,,,false,,,CC-BY
2003364,29269015-f2f5-49d8-9ca3-73562caf7742,5f867eb0-ff69-4935-8f06-ae10bedf716b,MMR-002-D0022-I000090,https://app.wildlifeinsights.org/download/2003219/data-files/5f867eb0-ff69-4935-8f06-ae10bedf716b,,U Than Zaw - Batch Upload,3b53e54f-da21-474e-b6f6-47dbdd73ff69,Mammalia,Cetartiodactyla,Cervidae,Muntiacus,muntjak,Southern Red Muntjac,,2000-03-11 18:27:00,Unknown,Unknown,true,,1,,,false,,,CC-BY
2003364,40e84fa0-7a8d-4582-9a16-af4a66d2e613,,MMR-002-D0016-I000028,,,U Than Zaw - Batch Upload,990ae9dd-7a59-4344-afcb-1b7b21368000,Mammalia,Primates,Hominidae,Homo,sapiens,Human,,2000-03-18 10:46:00,Unknown,Unknown,true,,1,,,false,,,CC-BY
2003364,e5455e50-c3d7-4390-ad06-bf7ac8641308,bc56ce1d-525e-42f2-81aa-a14d593aa10e,MMR-002-D0007-I000098,https://app.wildlifeinsights.org/download/2003219/data-files/bc56ce1d-525e-42f2-81aa-a14d593aa10e,,U Than Zaw - Batch Upload,3b53e54f-da21-474e-b6f6-47dbdd73ff69,Mammalia,Cetartiodactyla,Cervidae,Muntiacus,muntjak,Southern Red Muntjac,,2000-03-10 21:25:00,Unknown,Unknown,true,,1,,,false,,,CC-BY
2003364,ac6d9f2f-84d7-483f-b2e5-9b528ec95cdf,337ed165-957f-48de-ac4a-c0bf7ada1357,MMR-002-D0031-I000034,https://app.wildlifeinsights.org/download/2003219/data-files/337ed165-957f-48de-ac4a-c0bf7ada1357,,U Than Zaw - Batch Upload,f1856211-cfb7-4a5b-9158-c0f72fd09ee6,,,,,,Blank,,2000-03-18 23:25:00,Unknown,Unknown,true,,1,,,false,,,CC-BY
2003364,e0e8b2d5-c4e0-469b-a8a9-0d915eb303de,,MMR-002-D0002-I000035,,,U Than Zaw - Batch Upload,990ae9dd-7a59-4344-afcb-1b7b21368000,Mammalia,Primates,Hominidae,Homo,sapiens,Human,,2000-03-17 11:50:00,Unknown,Unknown,true,,1,,,false,,,CC-BY
2003364,40e84fa0-7a8d-4582-9a16-af4a66d2e613,2bc244cb-b9e5-46ce-bfb2-966aec82f854,MMR-002-D0016-I000084,https://app.wildlifeinsights.org/download/2003219/data-files/2bc244cb-b9e5-46ce-bfb2-966aec82f854,,U Than Zaw - Batch Upload,1f689929-883d-4dae-958c-3d57ab5b6c16,,,,,,Animal,,2000-03-12 03:57:00,Unknown,Unknown,true,,1,,,false,,,CC-BY
2003364,aa3820f8-7845-4675-8759-b7c7022f171b,07e8a606-529c-4e1a-9adc-31e1be724bf2,MMR-002-D0017-I000043,https://app.wildlifeinsights.org/download/2003219/data-files/07e8a606-529c-4e1a-9adc-31e1be724bf2,,U Than Zaw - Batch Upload,3b53e54f-da21-474e-b6f6-47dbdd73ff69,Mammalia,Cetartiodactyla,Cervidae,Muntiacus,muntjak,Southern Red Muntjac,,2000-03-16 17:20:00,Unknown,Unknown,true,,1,,,false,,,CC-BY
2003364,a26a98d3-199b-4e73-8f0d-a99153176fd5,7de89df9-6596-4290-beca-afdbb04e6763,MMR-002-D0023-I000092,https://app.wildlifeinsights.org/download/2003219/data-files/7de89df9-6596-4290-beca-afdbb04e6763,,U Than Zaw - Batch Upload,3b53e54f-da21-474e-b6f6-47dbdd73ff69,Mammalia,Cetartiodactyla,Cervidae,Muntiacus,muntjak,Southern Red Muntjac,,2000-03-11 18:29:00,Unknown,Unknown,true,,1,,,false,,,CC-BY
2003364,e10b5045-7c46-4afa-9b64-81376c0e11cd,,MMR-002-D0021-I000040,,,U Than Zaw - Batch Upload,990ae9dd-7a59-4344-afcb-1b7b21368000,Mammalia,Primates,Hominidae,Homo,sapiens,Human,,2000-03-17 12:21:00,Unknown,Unknown,true,,1,,,false,,,CC-BY
2003364,f3c32d19-453e-406b-8c8f-08e95b880e4b,44c7ef98-ca1b-4487-ac52-b106c1ee3ccd,MMR-002-D0028-I000076,https://app.wildlifeinsights.org/download/2003219/data-files/44c7ef98-ca1b-4487-ac52-b106c1ee3ccd,,U Than Zaw - Batch Upload,d825fb0a-a275-41c2-b5b9-9e0117ae32a8,Mammalia,Cetartiodactyla,Bovidae,Capricornis,,Capricornis Species,,2000-03-13 03:13:00,Unknown,Unknown,true,,1,,,false,,,CC-BY
2003364,ac6d9f2f-84d7-483f-b2e5-9b528ec95cdf,50a23fe5-5c52-4e33-ae1e-5e75d8915cb0,MMR-002-D0031-I000096,https://app.wildlifeinsights.org/download/2003219/data-files/50a23fe5-5c52-4e33-ae1e-5e75d8915cb0,,U Than Zaw - Batch Upload,1f689929-883d-4dae-958c-3d57ab5b6c16,,,,,,Animal,,2000-03-11 11:43:00,Unknown,Unknown,true,,1,,,false,,,CC-BY
2003364,e5455e50-c3d7-4390-ad06-bf7ac8641308,39e35bc9-b6b4-435d-897e-e9718286f0cb,MMR-002-D0007-I000080,https://app.wildlifeinsights.org/download/2003219/data-files/39e35bc9-b6b4-435d-897e-e9718286f0cb,,U Than Zaw - Batch Upload,3b53e54f-da21-474e-b6f6-47dbdd73ff69,Mammalia,Cetartiodactyla,Cervidae,Muntiacus,muntjak,Southern Red Muntjac,,2000-03-12 01:29:00,Unknown,Unknown,true,,1,,,false,,,CC-BY
2003364,ac6d9f2f-84d7-483f-b2e5-9b528ec95cdf,,MMR-002-D0031-I000015,,,U Than Zaw - Batch Upload,990ae9dd-7a59-4344-afcb-1b7b21368000,Mammalia,Primates,Hominidae,Homo,sapiens,Human,,2000-03-20 10:43:00,Unknown,Unknown,true,,1,,,false,,,CC-BY
2003364,f3c32d19-453e-406b-8c8f-08e95b880e4b,9641129e-7eda-4016-b072-c112c6ffa65c,MMR-002-D0028-I000010,https://app.wildlifeinsights.org/download/2003219/data-files/9641129e-7eda-4016-b072-c112c6ffa65c,,U Than Zaw - Batch Upload,d372cda5-a8ca-4b7b-97ed-4e4fab9c9b4b,Mammalia,Cetartiodactyla,Suidae,Sus,scrofa,Wild Boar,,2000-03-21 22:25:00,Unknown,Unknown,true,,1,,,false,,,CC-BY
2003364,4fbd6f69-adea-44d7-a837-83ef2eddff1e,,MMR-002-D0019-I000132,,,U Than Zaw - Batch Upload,990ae9dd-7a59-4344-afcb-1b7b21368000,Mammalia,Primates,Hominidae,Homo,sapiens,Human,,2000-03-04 08:30:00,Unknown,Unknown,true,,1,,,false,,,CC-BY
2003364,29269015-f2f5-49d8-9ca3-73562caf7742,9f5953f5-f7a2-469c-afd9-bf062b9457dc,MMR-002-D0022-I000047,https://app.wildlifeinsights.org/download/2003219/data-files/9f5953f5-f7a2-469c-afd9-bf062b9457dc,,U Than Zaw - Batch Upload,3b53e54f-da21-474e-b6f6-47dbdd73ff69,Mammalia,Cetartiodactyla,Cervidae,Muntiacus,muntjak,Southern Red Muntjac,,2000-03-16 20:28:00,Unknown,Unknown,true,,1,,,false,,,CC-BY
2003364,f3c32d19-453e-406b-8c8f-08e95b880e4b,,MMR-002-D0028-I000169,,,U Than Zaw - Batch Upload,990ae9dd-7a59-4344-afcb-1b7b21368000,Mammalia,Primates,Hominidae,Homo,sapiens,Human,,2000-03-02 14:54:00,Unknown,Unknown,true,,1,,,false,,,CC-BY
2003364,e10b5045-7c46-4afa-9b64-81376c0e11cd,66a82949-5a3b-4476-ba7f-e152890e609e,MMR-002-D0021-I000069,https://app.wildlifeinsights.org/download/2003219/data-files/66a82949-5a3b-4476-ba7f-e152890e609e,,U Than Zaw - Batch Upload,4eae4c62-e867-465a-a1f3-536791efa6c4,Aves,Galliformes,Phasianidae,,,Phasianidae Family,,2000-03-14 09:46:00,Unknown,Unknown,true,,1,,,false,,,CC-BY
2003364,20a2d87a-5a8d-4bff-9162-2439aab4e6e3,b5281c0f-2591-4c1f-b3a1-9cd25ea313ef,MMR-002-D0030-I000221,https://app.wildlifeinsights.org/download/2003219/data-files/b5281c0f-2591-4c1f-b3a1-9cd25ea313ef,,U Than Zaw - Batch Upload,3c5ca701-7ce1-481b-acf4-c1ae4f78a781,Mammalia,Carnivora,Viverridae,Viverra,zibetha,Large Indian Civet,,1900-01-01 19:00:00,Unknown,Unknown,true,,1,,,false,,,CC-BY
2003364,5ef4c96a-e5e5-4e8f-aa02-1129c66919d9,,MMR-002-D0010-I000024,,,U Than Zaw - Batch Upload,990ae9dd-7a59-4344-afcb-1b7b21368000,Mammalia,Primates,Hominidae,Homo,sapiens,Human,,2000-03-18 09:00:00,Unknown,Unknown,true,,1,,,false,,,CC-BY
2003364,54759283-de40-4724-91a5-b5027ad3564a,7fb451c0-ff85-49b1-8161-e2cc8809129b,MMR-002-D0013-I000159,https://app.wildlifeinsights.org/download/2003219/data-files/7fb451c0-ff85-49b1-8161-e2cc8809129b,,U Than Zaw - Batch Upload,f1856211-cfb7-4a5b-9158-c0f72fd09ee6,,,,,,Blank,,2000-03-02 13:34:00,Unknown,Unknown,true,,1,,,false,,,CC-BY
2003364,e5455e50-c3d7-4390-ad06-bf7ac8641308,,MMR-002-D0007-I000116,,,U Than Zaw - Batch Upload,990ae9dd-7a59-4344-afcb-1b7b21368000,Mammalia,Primates,Hominidae,Homo,sapiens,Human,,2000-03-07 08:54:00,Unknown,Unknown,true,,1,,,false,,,CC-BY
2003364,e10b5045-7c46-4afa-9b64-81376c0e11cd,,MMR-002-D0021-I000134,,,U Than Zaw - Batch Upload,990ae9dd-7a59-4344-afcb-1b7b21368000,Mammalia,Primates,Hominidae,Homo,sapiens,Human,,2000-03-04 13:21:00,Unknown,Unknown,true,,1,,,false,,,CC-BY
2003364,e10b5045-7c46-4afa-9b64-81376c0e11cd,3a65cc9c-4c0d-43b7-8e43-722abfe3676b,MMR-002-D0021-I000133,https://app.wildlifeinsights.org/download/2003219/data-files/3a65cc9c-4c0d-43b7-8e43-722abfe3676b,,U Than Zaw - Batch Upload,4eae4c62-e867-465a-a1f3-536791efa6c4,Aves,Galliformes,Phasianidae,,,Phasianidae Family,,2000-03-04 09:42:00,Unknown,Unknown,true,,1,,,false,,,CC-BY
2003364,e5455e50-c3d7-4390-ad06-bf7ac8641308,78b536d9-0e4f-42bc-9e0d-a23160a80c73,MMR-002-D0007-I000112,https://app.wildlifeinsights.org/download/2003219/data-files/78b536d9-0e4f-42bc-9e0d-a23160a80c73,,U Than Zaw - Batch Upload,3b53e54f-da21-474e-b6f6-47dbdd73ff69,Mammalia,Cetartiodactyla,Cervidae,Muntiacus,muntjak,Southern Red Muntjac,,2000-03-08 02:02:00,Unknown,Unknown,true,,1,,,false,,,CC-BY
2003364,0d6fc184-fd29-4452-b970-0af1eab6dd73,,MMR-002-D0024-I000186,,,U Than Zaw - Batch Upload,990ae9dd-7a59-4344-afcb-1b7b21368000,Mammalia,Primates,Hominidae,Homo,sapiens,Human,,2000-02-17 15:10:00,Unknown,Unknown,true,,1,,,false,,,CC-BY
2003364,40e84fa0-7a8d-4582-9a16-af4a66d2e613,8d888b2e-a702-45aa-832e-e6a0eeb6a5d1,MMR-002-D0016-I000148,https://app.wildlifeinsights.org/download/2003219/data-files/8d888b2e-a702-45aa-832e-e6a0eeb6a5d1,,U Than Zaw - Batch Upload,4eae4c62-e867-465a-a1f3-536791efa6c4,Aves,Galliformes,Phasianidae,,,Phasianidae Family,,2000-03-03 13:56:00,Unknown,Unknown,true,,1,,,false,,,CC-BY
2003364,29269015-f2f5-49d8-9ca3-73562caf7742,ead670a9-ee7c-4d01-8eb9-b033c29cd8e5,MMR-002-D0022-I000152,https://app.wildlifeinsights.org/download/2003219/data-files/ead670a9-ee7c-4d01-8eb9-b033c29cd8e5,,U Than Zaw - Batch Upload,3b53e54f-da21-474e-b6f6-47dbdd73ff69,Mammalia,Cetartiodactyla,Cervidae,Muntiacus,muntjak,Southern Red Muntjac,,2000-03-03 19:09:00,Unknown,Unknown,true,,1,,,false,,,CC-BY
2003364,29269015-f2f5-49d8-9ca3-73562caf7742,573a76f7-dabf-4bb7-a8f5-9be327967daf,MMR-002-D0022-I000046,https://app.wildlifeinsights.org/download/2003219/data-files/573a76f7-dabf-4bb7-a8f5-9be327967daf,,U Than Zaw - Batch Upload,3b53e54f-da21-474e-b6f6-47dbdd73ff69,Mammalia,Cetartiodactyla,Cervidae,Muntiacus,muntjak,Southern Red Muntjac,,2000-03-16 20:24:00,Unknown,Unknown,true,,1,,,false,,,CC-BY
2003364,e5455e50-c3d7-4390-ad06-bf7ac8641308,21aabf9b-7f2e-402d-85ae-3ce6bc6bb1b8,MMR-002-D0007-I000011,https://app.wildlifeinsights.org/download/2003219/data-files/21aabf9b-7f2e-402d-85ae-3ce6bc6bb1b8,,U Than Zaw - Batch Upload,3b53e54f-da21-474e-b6f6-47dbdd73ff69,Mammalia,Cetartiodactyla,Cervidae,Muntiacus,muntjak,Southern Red Muntjac,,2000-03-20 00:26:00,Unknown,Unknown,true,,1,,,false,,,CC-BY
2003364,39a99a8b-e22a-4e8d-b589-5f4a6d6cd1f5,,MMR-002-D0014-I000019,,,U Than Zaw - Batch Upload,990ae9dd-7a59-4344-afcb-1b7b21368000,Mammalia,Primates,Hominidae,Homo,sapiens,Human,,2000-03-19 14:16:00,Unknown,Unknown,true,,1,,,false,,,CC-BY
2003364,c827ef9c-9201-468c-9c18-1aec412a7653,,MMR-002-D0027-I000183,,,U Than Zaw - Batch Upload,990ae9dd-7a59-4344-afcb-1b7b21368000,Mammalia,Primates,Hominidae,Homo,sapiens,Human,,2000-02-19 14:07:00,Unknown,Unknown,true,,1,,,false,,,CC-BY
2003364,a26a98d3-199b-4e73-8f0d-a99153176fd5,44474fe9-c294-4c35-87e3-6567b49839d2,MMR-002-D0023-I000055,https://app.wildlifeinsights.org/download/2003219/data-files/44474fe9-c294-4c35-87e3-6567b49839d2,,U Than Zaw - Batch Upload,3b53e54f-da21-474e-b6f6-47dbdd73ff69,Mammalia,Cetartiodactyla,Cervidae,Muntiacus,muntjak,Southern Red Muntjac,,2000-03-16 22:35:00,Unknown,Unknown,true,,1,,,false,,,CC-BY
2003364,a26a98d3-199b-4e73-8f0d-a99153176fd5,,MMR-002-D0023-I000033,,,U Than Zaw - Batch Upload,990ae9dd-7a59-4344-afcb-1b7b21368000,Mammalia,Primates,Hominidae,Homo,sapiens,Human,,2000-03-18 10:21:00,Unknown,Unknown,true,,1,,,false,,,CC-BY
2003364,29269015-f2f5-49d8-9ca3-73562caf7742,166bcd88-4676-4a57-8dde-65cb4dade7f9,MMR-002-D0022-I000119,https://app.wildlifeinsights.org/download/2003219/data-files/166bcd88-4676-4a57-8dde-65cb4dade7f9,,U Than Zaw - Batch Upload,3b53e54f-da21-474e-b6f6-47dbdd73ff69,Mammalia,Cetartiodactyla,Cervidae,Muntiacus,muntjak,Southern Red Muntjac,,2000-03-07 18:56:00,Unknown,Unknown,true,,1,,,false,,,CC-BY
2003364,f3c32d19-453e-406b-8c8f-08e95b880e4b,,MMR-002-D0028-I000006,,,U Than Zaw - Batch Upload,990ae9dd-7a59-4344-afcb-1b7b21368000,Mammalia,Primates,Hominidae,Homo,sapiens,Human,,2000-03-22 11:37:00,Unknown,Unknown,true,,1,,,false,,,CC-BY
2003364,5a48c6f6-953f-4f8d-9887-b94a50411ad0,,MMR-002-D0025-I000003,,,U Than Zaw - Batch Upload,990ae9dd-7a59-4344-afcb-1b7b21368000,Mammalia,Primates,Hominidae,Homo,sapiens,Human,,2000-03-24 13:39:00,Unknown,Unknown,true,,1,,,false,,,CC-BY
2003364,e3c6508a-d7eb-4687-9080-89ba0c45f09b,31f92448-74ec-47f1-857f-f06fe2d3e0da,MMR-002-D0032-I000072,https://app.wildlifeinsights.org/download/2003219/data-files/31f92448-74ec-47f1-857f-f06fe2d3e0da,,U Than Zaw - Batch Upload,4eae4c62-e867-465a-a1f3-536791efa6c4,Aves,Galliformes,Phasianidae,,,Phasianidae Family,,2000-03-14 13:59:00,Unknown,Unknown,true,,1,,,false,,,CC-BY
2003364,1415c8d8-9f45-4e62-b9e9-e765ce4aed43,,MMR-002-D0004-I000143,,,U Than Zaw - Batch Upload,990ae9dd-7a59-4344-afcb-1b7b21368000,Mammalia,Primates,Hominidae,Homo,sapiens,Human,,2000-03-03 11:30:00,Unknown,Unknown,true,,1,,,false,,,CC-BY
2003364,40e84fa0-7a8d-4582-9a16-af4a66d2e613,4aafc7eb-467d-4e0f-b61b-9f31864b1cb5,MMR-002-D0016-I000038,https://app.wildlifeinsights.org/download/2003219/data-files/4aafc7eb-467d-4e0f-b61b-9f31864b1cb5,,U Than Zaw - Batch Upload,1f689929-883d-4dae-958c-3d57ab5b6c16,,,,,,Animal,,2000-03-17 05:06:00,Unknown,Unknown,true,,1,,,false,,,CC-BY
2003364,e5455e50-c3d7-4390-ad06-bf7ac8641308,860348b5-a6fb-44b2-9912-85cfc36e3800,MMR-002-D0007-I000107,https://app.wildlifeinsights.org/download/2003219/data-files/860348b5-a6fb-44b2-9912-85cfc36e3800,,U Than Zaw - Batch Upload,f1856211-cfb7-4a5b-9158-c0f72fd09ee6,,,,,,Blank,,2000-03-09 22:18:00,Unknown,Unknown,true,,1,,,false,,,CC-BY
2003364,ac6d9f2f-84d7-483f-b2e5-9b528ec95cdf,57250567-d3ba-4fe4-be7e-7f7c71a8ea7b,MMR-002-D0031-I000073,https://app.wildlifeinsights.org/download/2003219/data-files/57250567-d3ba-4fe4-be7e-7f7c71a8ea7b,,U Than Zaw - Batch Upload,f1856211-cfb7-4a5b-9158-c0f72fd09ee6,,,,,,Blank,,2000-03-14 18:10:00,Unknown,Unknown,true,,1,,,false,,,CC-BY
2003364,b3005cb0-87aa-46b5-b284-47977692ea41,,MMR-002-D0015-I000163,,,U Than Zaw - Batch Upload,990ae9dd-7a59-4344-afcb-1b7b21368000,Mammalia,Primates,Hominidae,Homo,sapiens,Human,,2000-03-02 10:28:00,Unknown,Unknown,true,,1,,,false,,,CC-BY
2003364,c827ef9c-9201-468c-9c18-1aec412a7653,fb3e1c5b-8e21-444c-a06b-30c699eec6e3,MMR-002-D0027-I000007,https://app.wildlifeinsights.org/download/2003219/data-files/fb3e1c5b-8e21-444c-a06b-30c699eec6e3,,U Than Zaw - Batch Upload,e8490543-5bea-46a7-a326-a02142d2e6e1,Mammalia,Rodentia,Hystricidae,Hystrix,brachyura,Malayan Porcupine,,2000-03-22 19:20:00,Unknown,Unknown,true,,1,,,false,,,CC-BY
2003364,54759283-de40-4724-91a5-b5027ad3564a,,MMR-002-D0013-I000160,,,U Than Zaw - Batch Upload,990ae9dd-7a59-4344-afcb-1b7b21368000,Mammalia,Primates,Hominidae,Homo,sapiens,Human,,2000-03-02 11:45:00,Unknown,Unknown,true,,1,,,false,,,CC-BY
2003364,4fbd6f69-adea-44d7-a837-83ef2eddff1e,,MMR-002-D0019-I000039,,,U Than Zaw - Batch Upload,990ae9dd-7a59-4344-afcb-1b7b21368000,Mammalia,Primates,Hominidae,Homo,sapiens,Human,,2000-03-17 14:42:00,Unknown,Unknown,true,,1,,,false,,,CC-BY
2003364,40e84fa0-7a8d-4582-9a16-af4a66d2e613,f808769f-587b-49a9-a773-9564ad9bf8cc,MMR-002-D0016-I000082,https://app.wildlifeinsights.org/download/2003219/data-files/f808769f-587b-49a9-a773-9564ad9bf8cc,,U Than Zaw - Batch Upload,f1856211-cfb7-4a5b-9158-c0f72fd09ee6,,,,,,Blank,,2000-03-12 07:18:00,Unknown,Unknown,true,,1,,,false,,,CC-BY
2003364,39a99a8b-e22a-4e8d-b589-5f4a6d6cd1f5,15a4a99a-e135-4143-a92a-c6dd8e759ccb,MMR-002-D0014-I000172,https://app.wildlifeinsights.org/download/2003219/data-files/15a4a99a-e135-4143-a92a-c6dd8e759ccb,,U Than Zaw - Batch Upload,4eae4c62-e867-465a-a1f3-536791efa6c4,Aves,Galliformes,Phasianidae,,,Phasianidae Family,,2000-03-01 15:40:00,Unknown,Unknown,true,,1,,,false,,,CC-BY
2003364,e10b5045-7c46-4afa-9b64-81376c0e11cd,7f099b15-266e-4fc2-bc3b-349d4b952dec,MMR-002-D0021-I000089,https://app.wildlifeinsights.org/download/2003219/data-files/7f099b15-266e-4fc2-bc3b-349d4b952dec,,U Than Zaw - Batch Upload,1f689929-883d-4dae-958c-3d57ab5b6c16,,,,,,Animal,,2000-03-11 07:02:00,Unknown,Unknown,true,,1,,,false,,,CC-BY
2003364,2dffcaaa-4675-4f7d-8134-ee73bccb61a3,839f05a2-7656-4289-a942-6e29909c4237,MMR-002-D0008-I000109,https://app.wildlifeinsights.org/download/2003219/data-files/839f05a2-7656-4289-a942-6e29909c4237,,U Than Zaw - Batch Upload,aa73e0ac-973d-461d-914a-d2fa6e4b98a4,Mammalia,Carnivora,Felidae,Panthera,pardus,Leopard,,2000-03-09 23:50:00,Unknown,Unknown,true,,1,,,false,,,CC-BY
2003364,a26a98d3-199b-4e73-8f0d-a99153176fd5,94797e47-e59e-4c0f-aa7e-7a92470cdef5,MMR-002-D0023-I000054,https://app.wildlifeinsights.org/download/2003219/data-files/94797e47-e59e-4c0f-aa7e-7a92470cdef5,,U Than Zaw - Batch Upload,3b53e54f-da21-474e-b6f6-47dbdd73ff69,Mammalia,Cetartiodactyla,Cervidae,Muntiacus,muntjak,Southern Red Muntjac,,2000-03-16 22:25:00,Unknown,Unknown,true,,1,,,false,,,CC-BY
2003364,54759283-de40-4724-91a5-b5027ad3564a,,MMR-002-D0013-I000026,,,U Than Zaw - Batch Upload,990ae9dd-7a59-4344-afcb-1b7b21368000,Mammalia,Primates,Hominidae,Homo,sapiens,Human,,2000-03-18 09:48:00,Unknown,Unknown,true,,1,,,false,,,CC-BY
2003364,b3005cb0-87aa-46b5-b284-47977692ea41,,MMR-002-D0015-I000165,,,U Than Zaw - Batch Upload,990ae9dd-7a59-4344-afcb-1b7b21368000,Mammalia,Primates,Hominidae,Homo,sapiens,Human,,2000-03-02 10:34:00,Unknown,Unknown,true,,1,,,false,,,CC-BY
2003364,93fbb7c0-0773-402f-8cee-468616e15eab,,MMR-002-D0029-I000141,,,U Than Zaw - Batch Upload,990ae9dd-7a59-4344-afcb-1b7b21368000,Mammalia,Primates,Hominidae,Homo,sapiens,Human,,2000-03-04 14:12:00,Unknown,Unknown,true,,1,,,false,,,CC-BY
2003364,e5455e50-c3d7-4390-ad06-bf7ac8641308,02272d76-643d-4dad-8600-993ddbe8f93f,MMR-002-D0007-I000042,https://app.wildlifeinsights.org/download/2003219/data-files/02272d76-643d-4dad-8600-993ddbe8f93f,,U Than Zaw - Batch Upload,3b53e54f-da21-474e-b6f6-47dbdd73ff69,Mammalia,Cetartiodactyla,Cervidae,Muntiacus,muntjak,Southern Red Muntjac,,2000-03-16 02:13:00,Unknown,Unknown,true,,1,,,false,,,CC-BY
2003364,aa3820f8-7845-4675-8759-b7c7022f171b,66070b2d-92fc-4c4e-abac-89c29eaf4af1,MMR-002-D0017-I000114,https://app.wildlifeinsights.org/download/2003219/data-files/66070b2d-92fc-4c4e-abac-89c29eaf4af1,,U Than Zaw - Batch Upload,6f5cfe6e-4d2f-4a39-b7eb-cffe6aef7de1,Mammalia,Carnivora,Felidae,Prionailurus,bengalensis,Leopard Cat,,2000-03-08 03:34:00,Unknown,Unknown,true,,1,,,false,,,CC-BY
2003364,29269015-f2f5-49d8-9ca3-73562caf7742,374be90b-5b39-4ef5-aaf3-f40e562c6bf7,MMR-002-D0022-I000153,https://app.wildlifeinsights.org/download/2003219/data-files/374be90b-5b39-4ef5-aaf3-f40e562c6bf7,,U Than Zaw - Batch Upload,f1856211-cfb7-4a5b-9158-c0f72fd09ee6,,,,,,Blank,,2000-03-03 11:54:00,Unknown,Unknown,true,,1,,,false,,,CC-BY
2003364,274b143e-9a14-4f5e-9a65-5a025110df09,521d0f56-dd67-4a82-911b-e0f66fdf43c4,MMR-002-D0003-I000087,https://app.wildlifeinsights.org/download/2003219/data-files/521d0f56-dd67-4a82-911b-e0f66fdf43c4,,U Than Zaw - Batch Upload,3b53e54f-da21-474e-b6f6-47dbdd73ff69,Mammalia,Cetartiodactyla,Cervidae,Muntiacus,muntjak,Southern Red Muntjac,,2000-03-11 00:00:00,Unknown,Unknown,true,,1,,,false,,,CC-BY
2003364,5a48c6f6-953f-4f8d-9887-b94a50411ad0,e5d44957-6f7d-4d47-9161-104b8c615c87,MMR-002-D0025-I000188,https://app.wildlifeinsights.org/download/2003219/data-files/e5d44957-6f7d-4d47-9161-104b8c615c87,,U Than Zaw - Batch Upload,4eae4c62-e867-465a-a1f3-536791efa6c4,Aves,Galliformes,Phasianidae,,,Phasianidae Family,,2000-02-17 09:06:00,Unknown,Unknown,true,,1,,,false,,,CC-BY
2003364,f3c32d19-453e-406b-8c8f-08e95b880e4b,e8836701-3004-4583-a612-6ac0969a5dd9,MMR-002-D0028-I000078,https://app.wildlifeinsights.org/download/2003219/data-files/e8836701-3004-4583-a612-6ac0969a5dd9,,U Than Zaw - Batch Upload,44e7f637-f8db-4252-9804-7c200fd6516c,Mammalia,Carnivora,Felidae,Neofelis,nebulosa,Clouded Leopard,,2000-03-13 01:45:00,Unknown,Unknown,true,,1,,,false,,,CC-BY
2003364,e10b5045-7c46-4afa-9b64-81376c0e11cd,214e4104-d869-45e3-abc9-2d13b5f444d5,MMR-002-D0021-I000118,https://app.wildlifeinsights.org/download/2003219/data-files/214e4104-d869-45e3-abc9-2d13b5f444d5,,U Than Zaw - Batch Upload,6f5cfe6e-4d2f-4a39-b7eb-cffe6aef7de1,Mammalia,Carnivora,Felidae,Prionailurus,bengalensis,Leopard Cat,,2000-03-07 20:48:00,Unknown,Unknown,true,,1,,,false,,,CC-BY
2003364,5a48c6f6-953f-4f8d-9887-b94a50411ad0,b6658967-4e02-495a-b3ca-c52f519d5717,MMR-002-D0025-I000005,https://app.wildlifeinsights.org/download/2003219/data-files/b6658967-4e02-495a-b3ca-c52f519d5717,,U Than Zaw - Batch Upload,3b53e54f-da21-474e-b6f6-47dbdd73ff69,Mammalia,Cetartiodactyla,Cervidae,Muntiacus,muntjak,Southern Red Muntjac,,2000-03-23 23:30:00,Unknown,Unknown,true,,1,,,false,,,CC-BY
2003364,e5455e50-c3d7-4390-ad06-bf7ac8641308,3796a74d-54b9-4a0d-882c-961e1c22b6a9,MMR-002-D0007-I000061,https://app.wildlifeinsights.org/download/2003219/data-files/3796a74d-54b9-4a0d-882c-961e1c22b6a9,,U Than Zaw - Batch Upload,3b53e54f-da21-474e-b6f6-47dbdd73ff69,Mammalia,Cetartiodactyla,Cervidae,Muntiacus,muntjak,Southern Red Muntjac,,2000-03-15 22:11:00,Unknown,Unknown,true,,1,,,false,,,CC-BY